,index,title,company_name,location,experience,technical_skills,rank,score,country,Glassdoor_rating
0,0,Quality Assurance Analyst - Federal,Maximus,,,"['R', 'Excel', 'Git']",,,Canada,
1,1,statistical analyst,Canadian Mortgage and Housing Corporation (CMHC),,,"['Python', 'R', 'Excel', 'LLM']",,,Canada,
2,2,(Summer Co-op 2024) Junior Data Analyst,The Minto Group,,,"['Python', 'R', 'Excel', 'Tableau', 'scikit-learn', 'Pandas', 'NumPy', 'SciKit-Learn', 'Dash']",,,Canada,
3,3,"Senior Analyst, Health Human Resources, Data Methods and Tools",Canadian Institute for Health Information,,,"['Python', 'R', 'Excel']",,,Canada,
4,4,Senior Data Analyst - Revenue Operations,Assent,,,"['Python', 'R', 'SQL', 'Excel', 'SQL', 'SQL Server', 'Dash']",,,Canada,
5,5,(Summer Co-op 2024) Junior Business Analyst- Data and Technology,The Minto Group,,,"['Python', 'R', 'Excel', 'Git', 'scikit-learn', 'Pandas', 'NumPy', 'SciKit-Learn']",,,Canada,
6,6,Business Support Analyst,Bank of Canada,,,"['R', 'Excel']",,,Canada,
7,7,Co-op Technical Marketing Data Analyst,Renesas Electronics Corporation,,,"['Python', 'R', 'SQL', 'Excel', 'Tableau', 'SQL', 'SAS', 'Dash']",,,Canada,
8,8,"Internship, Junior Analyst, Survey Design and Statistics, Summer 2024",CMHC,,,"['Python', 'R', 'Excel']",,,Canada,
9,10,housing policy analyst,Canadian Mortgage and Housing Corporation (CMHC),,,"['R', 'Excel', 'LLM']",,,Canada,
10,11,Geophysicist/Data Analyst,Sander Geophysics,,,['R'],,,Canada,
11,12,Lead Data Quality Analyst / Data Steward (FP&A),Ciena,,,"['Python', 'R', 'SQL', 'Snowflake', 'SQL', 'Git', 'Snowflake', 'Oracle']",,,Canada,
12,13,Senior Business Analyst,National Research Council Canada,,,"['R', 'Excel', 'Dash']",,,Canada,
13,14,INTERMEDIATE PROGRAMMER / ANALYST,National Capital Commission,,,"['R', 'SQL', 'Excel', 'Tableau', 'SQL', 'SQL Server', 'REST API', 'C#']",,,Canada,
14,15,Geophysicist/data Analyst,Sander geophysics (SGL),,,['R'],,,Canada,
15,17,Network Architect F/H/NB - CDI,Disneyland Paris,,,['R'],,,France,
16,18,Cloud Data Engineer - POEI,DataScientest,,,"['Python', 'R', 'GCP', 'AWS', 'AZURE', 'Java', 'java', 'C++']",,,France,
17,19,Cloud Data Engineer - POEI,DataScientest,,,"['Python', 'R', 'GCP', 'AWS', 'AZURE', 'Java', 'java', 'C++']",,,France,
18,20,Cloud Data Engineer - POEI,DataScientest,,,"['Python', 'R', 'GCP', 'AWS', 'AZURE', 'Java', 'java', 'C++']",,,France,
19,21,Cloud Data Engineer - POEI,DataScientest,,,"['Python', 'R', 'GCP', 'AWS', 'AZURE', 'Java', 'java', 'C++']",,,France,
20,22,Data Engineer | Alternance,DataScientest,,,"['Python', 'R', 'GCP', 'AWS', 'AZURE', 'Java', 'java', 'C++']",,,France,
21,23,Data Engineer | Alternance,DataScientest,,,"['Python', 'R', 'GCP', 'AWS', 'AZURE', 'Java', 'java', 'C++']",,,France,
22,24,Data Engineer | Alternance,DataScientest,,,"['Python', 'R', 'GCP', 'AWS', 'AZURE', 'Java', 'java', 'C++']",,,France,
23,25,Data Engineer | Alternance,DataScientest,,,"['Python', 'R', 'GCP', 'AWS', 'AZURE', 'Java', 'java', 'C++']",,,France,
24,26,Data Engineer Confirmé (F/H),AXA,,,"['Python', 'R', 'SQL', 'Excel', 'AZURE', 'Databricks', 'Spark', 'Hadoop', 'SQL', 'Git', 'pySpark', 'Pyspark', 'PySpark']",,,France,"4,0"
25,27,Data Engineer Confirmé (F/H),AXA,,,"['Python', 'R', 'SQL', 'Excel', 'AZURE', 'Databricks', 'Spark', 'Hadoop', 'SQL', 'Git', 'pySpark', 'Pyspark', 'PySpark']",,,France,"4,0"
26,28,Data Centre Engineer - PART TIME,Salute Mission Critical,,,"['R', 'Excel', 'Scala', 'Transformers']",,,France,
27,29,Data Engineer H/F,RATP Cap Île-de-France,,,"['Python', 'R', 'SQL', 'Excel', 'Snowflake', 'Airflow', 'S3', 'SQL', 'Snowflake']",,,France,"3,7"
28,30,Data Engineer (H/F),IZENCIA,,,"['Python', 'R', 'SQL', 'SQL']",,,France,"3,0"
29,31,Data engineer confirmé - H/F,Seyos,,,"['Python', 'R', 'SQL', 'SQL', 'Git', 'Oracle', 'PostgreSQL']",,,France,"4,8"
30,32,Data Engineer - Remote Friendly,Free2move,,,"['Python', 'R', 'SQL', 'Excel', 'Tableau', 'SQL', 'Git', 'Docker', 'Pandas', 'Dash']",,,France,"3,2"
31,33,Data Engineer - Remote Friendly,Free2move,,,"['Python', 'R', 'SQL', 'Excel', 'Tableau', 'SQL', 'Git', 'Docker', 'Pandas', 'Dash']",,,France,"3,2"
32,34,Data Engineer H/F,EPOCA U&I - Startup santé connectée (Medtech),,,"['Python', 'R', 'SQL', 'GCP', 'Databricks', 'Spark', 'SQL']",,,France,
33,35,Data Engineer H/F,CRAFT,,,"['Python', 'R', 'SQL', 'GCP', 'AWS', 'AZURE', 'Spark', 'SQL', 'pySpark', 'Pyspark', 'PySpark', 'scipy', 'Pandas', 'NumPy', 'Microservices']",,,France,
34,36,Data Engineer Cloud (H/F),UPPLI,,,"['Python', 'R', 'SQL', 'AWS', 'AZURE', 'Airflow', 'SQL', 'Git', 'Kubernetes', 'Docker', 'Jira', 'Jenkins', 'Gitlab', 'Jenkins', 'PostgreSQL']",,,France,
35,37,AI Engineer H/F,UMAKE ILE-DE-FRANCE,,,"['Python', 'R', 'Excel', 'Spark', 'NLP', 'LLM']",,,France,
36,38,Data Engineer H/F,ATLANSE,,,"['Python', 'R', 'SQL', 'SQL', 'NoSQL', 'MongoDB', 'PostgreSQL']",,,France,"3,8"
37,39,Data Scientist / Data engineer (graduate),Shift Technology,,,"['R', 'SQL', 'Excel', 'SQL', 'ElasticSearch', 'C#']",,,France,"4,2"
38,40,Data Scientist / Data engineer (graduate),Shift Technology,,,"['R', 'SQL', 'Excel', 'SQL', 'ElasticSearch', 'C#']",,,France,"4,2"
39,41,Data Scientist / Data engineer (graduate),Shift Technology,,,"['R', 'SQL', 'Excel', 'SQL', 'ElasticSearch', 'C#']",,,France,"4,2"
40,42,Data Engineer F/H,ATHEA SAS,,,"['Python', 'R', 'S3', 'Cassandra', 'SAS']",,,France,
41,43,Stagiaire Data Engineer Teradata H/F,LCL,,,"['Python', 'R', 'SQL', 'SQL', 'Git', 'Gitlab', 'Oracle', 'MySQL']",,,France,"3,4"
42,44,Stagiaire Data Engineer Teradata H/F,LCL,,,"['Python', 'R', 'SQL', 'SQL', 'Git', 'Gitlab', 'Oracle', 'MySQL']",,,France,"3,4"
43,45,Data Engineer (F/H/X),Ekino France,,,"['Python', 'R', 'SQL', 'Tableau', 'Spark', 'SQL', 'Git', 'Docker', 'Flask', 'Flask']",,,France,"4,0"
44,46,Data Engineer H/F,Mobilize Financial Services France,,,"['Python', 'R', 'SQL', 'Excel', 'Tableau', 'GCP', 'Airflow', 'SQL', 'NoSQL', 'ELK', 'Git', 'Kibana', 'BigQuery']",,,France,"3,3"
45,47,Consultant Data Engineer - DBT H/F,Actinvision,,,"['Python', 'R', 'SQL', 'Tableau', 'Snowflake', 'Talend', 'SQL', 'Snowflake']",,,France,"4,3"
46,48,Consultant Data Engineer - DBT H/F,Actinvision,,,"['Python', 'R', 'SQL', 'Tableau', 'Snowflake', 'Talend', 'SQL', 'Snowflake']",,,France,"4,3"
47,49,Data Engineer H/F,APRIME,,,"['R', 'Git', 'Oracle']",,,France,
48,50,Data Engineer H/F,La Banque Postale Consumer Finance,,,"['Python', 'R', 'SQL', 'Tableau', 'Dataiku', 'Dataiku', 'SQL', 'Oracle', 'SAS']",,,France,"3,8"
49,51,DATA ENGINEER H/F,TRSB,,,"['Python', 'R', 'Databricks', 'Spark', 'Scala', 'Git', 'VBA']",,,France,"3,0"
50,52,Data Cloud Engineer (IT) / Freelance,KOLABS Group,,,"['Python', 'R', 'SQL', 'PowerBI', 'GCP', 'Airflow', 'SQL', 'Git', 'Gitlab', 'Terraform']",,,France,
51,53,Data Engineer GCP (F/H),Apside,,,"['Python', 'R', 'SQL', 'GCP', 'SQL', 'Git', 'Terraform', 'BigQuery']",,,France,"3,7"
52,54,Data Engineer GCP (F/H),Apside,,,"['Python', 'R', 'SQL', 'GCP', 'SQL', 'Git', 'Terraform', 'BigQuery']",,,France,"3,7"
53,55,Tech Lead Data Engineer- H/F/X,Société Générale,,,"['R', 'Spark', 'Scala', 'Kafka', 'Hadoop']",,,France,"3,6"
54,56,Tech Lead Data Engineer- H/F/X,Société Générale,,,"['R', 'Spark', 'Scala', 'Kafka', 'Hadoop']",,,France,"3,6"
55,57,Tech Lead Data Engineer- H/F/X,Société Générale,,,"['R', 'Spark', 'Scala', 'Kafka', 'Hadoop']",,,France,"3,6"
56,58,Tech Lead Data Engineer- H/F/X,Société Générale,,,"['R', 'Spark', 'Scala', 'Kafka', 'Hadoop']",,,France,"3,6"
57,59,Tech Lead Data Engineer- H/F/X,Société Générale,,,"['R', 'Spark', 'Scala', 'Kafka', 'Hadoop']",,,France,"3,6"
58,60,Data Engineer / DevOps H/F,Seyos,,,"['Python', 'R', 'SQL', 'AWS', 'Spark', 'SQL', 'NoSQL', 'Git', 'Terraform']",,,France,"4,8"
59,61,Stage - Data scientist - Développeur Python | Startup Fintech,AFTERDATA,,,"['Python', 'R', 'Pandas']",,,France,"5,0"
60,67,Responsable Chaine Fonctionnelle Communication F/H,MBDA France,,,['R'],,,France,
61,68,Job_Title,Company_Name,,,['R'],,,﻿Country,
62,69,Data Engineer (H/F),HURRYMAN,,,"['R', 'Spark', 'Scala', 'Kafka', 'Hadoop', 'Cassandra', 'MongoDB']",,,France,
63,70,Cloud Data Engineer - POEI,DataScientest,,,"['Python', 'R', 'GCP', 'AWS', 'AZURE', 'Java', 'java', 'C++']",,,France,
64,71,Cloud Data Engineer - POEI,DataScientest,,,"['Python', 'R', 'GCP', 'AWS', 'AZURE', 'Java', 'java', 'C++']",,,France,
65,72,Cloud Data Engineer - POEI,DataScientest,,,"['Python', 'R', 'GCP', 'AWS', 'AZURE', 'Java', 'java', 'C++']",,,France,
66,73,Cloud Data Engineer - POEI,DataScientest,,,"['Python', 'R', 'GCP', 'AWS', 'AZURE', 'Java', 'java', 'C++']",,,France,
67,74,Data Engineer / DevOps H/F,Seyos,,,"['Python', 'R', 'SQL', 'AWS', 'Spark', 'SQL', 'NoSQL', 'Git', 'Terraform']",,,France,"4,8"
68,75,Data Engineer | Alternance,DataScientest,,,"['Python', 'R', 'GCP', 'AWS', 'AZURE', 'Java', 'java', 'C++']",,,France,
69,76,Data Engineer | Alternance,DataScientest,,,"['Python', 'R', 'GCP', 'AWS', 'AZURE', 'Java', 'java', 'C++']",,,France,
70,77,Data Engineer | Alternance,DataScientest,,,"['Python', 'R', 'GCP', 'AWS', 'AZURE', 'Java', 'java', 'C++']",,,France,
71,78,Data Engineer | Alternance,DataScientest,,,"['Python', 'R', 'GCP', 'AWS', 'AZURE', 'Java', 'java', 'C++']",,,France,
72,79,Data Engineer Confirmé (F/H),AXA,,,"['Python', 'R', 'SQL', 'Excel', 'AZURE', 'Databricks', 'Spark', 'Hadoop', 'SQL', 'Git', 'pySpark', 'Pyspark', 'PySpark']",,,France,"4,0"
73,80,Data Engineer Confirmé (F/H),AXA,,,"['Python', 'R', 'SQL', 'Excel', 'AZURE', 'Databricks', 'Spark', 'Hadoop', 'SQL', 'Git', 'pySpark', 'Pyspark', 'PySpark']",,,France,"4,0"
74,81,Data engineer confirmé - H/F,Seyos,,,"['Python', 'R', 'SQL', 'SQL', 'Git', 'Oracle', 'PostgreSQL']",,,France,"4,8"
75,82,Développeur bases de données H/F,Expert & Manager,,,"['R', 'SQL', 'Excel', 'SQL', 'Oracle', 'VBA', 'MySQL']",,,France,
76,88,Ingénieur MLOps Java/Python - H/F,Seyos,,,"['Python', 'R', 'GCP', 'AWS', 'Spark', 'Git', 'Kubernetes', 'Docker', 'ElasticSearch', 'Terraform', 'Transformers', 'scikit-learn', 'scipy', 'Java', 'Pandas', 'NumPy', 'SciKit-Learn', 'java']",,,France,"4,8"
77,89,Ingénieur avant-vente,Westcon-Comstor,,,"['R', 'Excel']",,,France,
78,90,Ingénieur(e) DATA - BIG DATA F/H,CGI,,,"['R', 'Excel', 'GCP', 'AWS', 'AZURE', 'Talend', 'Spark', 'Git', 'OVH']",,,France,"3,8"
79,91,Ingénieur(e) DATA - BIG DATA F/H,CGI,,,"['R', 'Excel', 'GCP', 'AWS', 'AZURE', 'Talend', 'Spark', 'Git', 'OVH']",,,France,"3,8"
80,92,Ingénieur(e) DATA - BIG DATA F/H,CGI,,,"['R', 'Excel', 'GCP', 'AWS', 'AZURE', 'Talend', 'Spark', 'Git', 'OVH']",,,France,"3,8"
81,93,Product Owner Data & Analytics H/F,Groupement Les Mousquetaires,,,"['R', 'Excel']",,,France,
82,94,Data Engineer H/F,RATP Cap Île-de-France,,,"['Python', 'R', 'SQL', 'Excel', 'Snowflake', 'Airflow', 'S3', 'SQL', 'Snowflake']",,,France,"3,7"
83,95,Data Engineer (H/F),IZENCIA,,,"['Python', 'R', 'SQL', 'SQL']",,,France,"3,0"
84,96,Data Analyst / Analytics Engineer Junior H/F – CDI,Opteamis,,,"['Python', 'R', 'SQL', 'SQL', 'Git', 'Dash', 'BigQuery']",,,France,"4,0"
85,97,Data Analyst / Analytics Engineer Junior H/F – CDI,Opteamis,,,"['Python', 'R', 'SQL', 'SQL', 'Git', 'Dash', 'BigQuery']",,,France,"4,0"
86,98,Data Engineer - Remote Friendly,Free2move,,,"['Python', 'R', 'SQL', 'Excel', 'Tableau', 'SQL', 'Git', 'Docker', 'Pandas', 'Dash']",,,France,"3,2"
87,99,Data Engineer - Remote Friendly,Free2move,,,"['Python', 'R', 'SQL', 'Excel', 'Tableau', 'SQL', 'Git', 'Docker', 'Pandas', 'Dash']",,,France,"3,2"
88,100,Data Engineer H/F,EPOCA U&I - Startup santé connectée (Medtech),,,"['Python', 'R', 'SQL', 'GCP', 'Databricks', 'Spark', 'SQL']",,,France,
89,102,Data Engineer Cloud (H/F),UPPLI,,,"['Python', 'R', 'SQL', 'AWS', 'AZURE', 'Airflow', 'SQL', 'Git', 'Kubernetes', 'Docker', 'Jira', 'Jenkins', 'Gitlab', 'Jenkins', 'PostgreSQL']",,,France,
90,103,Data Engineer H/F,CRAFT,,,"['Python', 'R', 'SQL', 'GCP', 'AWS', 'AZURE', 'Spark', 'SQL', 'pySpark', 'Pyspark', 'PySpark', 'scipy', 'Pandas', 'NumPy', 'Microservices']",,,France,
91,104,AI Engineer H/F,UMAKE ILE-DE-FRANCE,,,"['Python', 'R', 'Excel', 'Spark', 'NLP', 'LLM']",,,France,
92,105,Software Engineer - Front-End F/H,Cellenza,,,"['R', 'Excel', 'AZURE', 'Java', 'java']",,,France,
93,106,Data Engineer H/F,ATLANSE,,,"['Python', 'R', 'SQL', 'SQL', 'NoSQL', 'MongoDB', 'PostgreSQL']",,,France,"3,8"
94,107,Stage Data Engineer (F/H),Modeo,,,"['Python', 'R', 'SQL', 'Snowflake', 'GCP', 'AWS', 'AZURE', 'Airflow', 'SQL', 'Git', 'Snowflake', 'Terraform', 'BigQuery', 'Redshift']",,,France,
95,108,Data Scientist / Data engineer (graduate),Shift Technology,,,"['R', 'SQL', 'Excel', 'SQL', 'ElasticSearch', 'C#']",,,France,"4,2"
96,109,Data Scientist / Data engineer (graduate),Shift Technology,,,"['R', 'SQL', 'Excel', 'SQL', 'ElasticSearch', 'C#']",,,France,"4,2"
97,110,Data Scientist / Data engineer (graduate),Shift Technology,,,"['R', 'SQL', 'Excel', 'SQL', 'ElasticSearch', 'C#']",,,France,"4,2"
98,111,Stage - Data scientist - Développeur Python | Startup Fintech,AFTERDATA,,,"['Python', 'R', 'Pandas']",,,France,"5,0"
99,112,Data Engineer (Stage Mars 2024) - H/F,Showroomprive.com,,,"['Python', 'R', 'SQL', 'Airflow', 'SQL', 'Git']",,,France,"3,4"
100,113,Data Engineer (Stage Mars 2024) - H/F,Showroomprive.com,,,"['Python', 'R', 'SQL', 'Airflow', 'SQL', 'Git']",,,France,"3,4"
101,114,DATA ENGINEER SQL -H/F (Stage Avril/Mai 2024),Showroomprive.com,,,"['R', 'SQL', 'Dataiku', 'Dataiku', 'SQL', 'Git']",,,France,"3,4"
102,115,DATA ENGINEER SQL -H/F (Stage Avril/Mai 2024),Showroomprive.com,,,"['R', 'SQL', 'Dataiku', 'Dataiku', 'SQL', 'Git']",,,France,"3,4"
103,116,Analytics Data engineer - internship,Equativ,,,"['Python', 'R', 'SQL', 'Excel', 'Tableau', 'Snowflake', 'Talend', 'Airflow', 'SQL', 'Git', 'Gitlab', 'Snowflake', 'Streamlit']",,,France,"4,6"
104,117,Analytics Data engineer - internship,Equativ,,,"['Python', 'R', 'SQL', 'Excel', 'Tableau', 'Snowflake', 'Talend', 'Airflow', 'SQL', 'Git', 'Gitlab', 'Snowflake', 'Streamlit']",,,France,"4,6"
105,118,Stagiaire Data Scientist H/F,Argon & Co,,,"['Python', 'R', 'Tableau', 'Dataiku', 'GCP', 'AWS', 'AZURE', 'Dataiku', 'Git', 'Docker']",,,France,
106,119,Stagiaire Data Scientist H/F,Argon & Co,,,"['Python', 'R', 'Tableau', 'Dataiku', 'GCP', 'AWS', 'AZURE', 'Dataiku', 'Git', 'Docker']",,,France,
107,120,Data Engineer H/F,La Banque Postale Consumer Finance,,,"['Python', 'R', 'SQL', 'Tableau', 'Dataiku', 'Dataiku', 'SQL', 'Oracle', 'SAS']",,,France,"3,8"
108,121,Consultant Data Engineer - DBT H/F,Actinvision,,,"['Python', 'R', 'SQL', 'Tableau', 'Snowflake', 'Talend', 'SQL', 'Snowflake']",,,France,"4,3"
109,122,Consultant Data Engineer - DBT H/F,Actinvision,,,"['Python', 'R', 'SQL', 'Tableau', 'Snowflake', 'Talend', 'SQL', 'Snowflake']",,,France,"4,3"
110,123,Alternant Data Engineer KALTDE1,Kaisens Data,,,"['Python', 'R', 'Scala', 'Java', 'java']",,,France,"2,4"
111,124,Data Engineer H/F,APRIME,,,"['R', 'Git', 'Oracle']",,,France,
112,125,Data Engineer (F/H/X),Ekino France,,,"['Python', 'R', 'SQL', 'Tableau', 'Spark', 'SQL', 'Git', 'Docker', 'Flask', 'Flask']",,,France,"4,0"
113,126,Junior Data Engineer QC - H/F (6-month internship),Kayrros,,,"['Python', 'R', 'SQL', 'AWS', 'Spark', 'Airflow', 'S3', 'SQL', 'Kubernetes', 'ElasticSearch', 'Dash', 'PostgreSQL']",,,France,"3,9"
114,127,Stagiaire Data Engineer Teradata H/F,LCL,,,"['Python', 'R', 'SQL', 'SQL', 'Git', 'Gitlab', 'Oracle', 'MySQL']",,,France,"3,4"
115,128,Stagiaire Data Engineer Teradata H/F,LCL,,,"['Python', 'R', 'SQL', 'SQL', 'Git', 'Gitlab', 'Oracle', 'MySQL']",,,France,"3,4"
116,129,"STAGE DÉVELOPPEUR JAVASCRIPT / BIG DATA, H/F",Data Driven France,,,"['R', 'SQL', 'SQL', 'Git', 'Java', 'Dash', 'java']",,,France,
117,130,Data Science Internship (6 months),Gameloft,,,"['Python', 'R', 'SQL', 'SQL', 'Git', 'scikit-learn', 'Matplotlib', 'Seaborn', 'Pandas', 'NumPy', 'SciKit-Learn']",,,France,"3,8"
118,131,Data Engineer F/H,CORUM L'EPARGNE,,,"['Python', 'R', 'SQL', 'Excel', 'PowerBI', 'AZURE', 'SQL', 'Jira', 'SQL Server', 'Terraform']",,,France,"3,5"
119,132,Stage Data Science et Machine Learning/AI practitionner (H/F/N),Ekimetrics,,,"['Python', 'R', 'Excel', 'Git', 'Tensorflow', 'Pytorch', 'scikit-learn', 'SciKit-Learn']",,,France,"4,0"
120,133,Data Engineer H/F,Mobilize Financial Services France,,,"['Python', 'R', 'SQL', 'Excel', 'Tableau', 'GCP', 'Airflow', 'SQL', 'NoSQL', 'ELK', 'Git', 'Kibana', 'BigQuery']",,,France,"3,3"
121,134,Data Scientist / Data science engineer (End-of-studies Internship),Shift Technology,,,"['R', 'NLP']",,,France,"4,2"
122,135,Data Scientist / Data science engineer (End-of-studies Internship),Shift Technology,,,"['R', 'NLP']",,,France,"4,2"
123,136,Data Scientist / Data science engineer (End-of-studies Internship),Shift Technology,,,"['R', 'NLP']",,,France,"4,2"
124,137,Consultant data Engineer Azure F/H,Adapt RH,,,"['R', 'SQL', 'AZURE', 'Databricks', 'SQL']",,,France,
125,138,STAGIAIRE DATA ENGINEER SNOWFLAKE (H/F),Hardis Group,,,"['Python', 'R', 'SQL', 'Snowflake', 'GCP', 'Scala', 'Kafka', 'SQL', 'NoSQL', 'Snowflake', 'Java', 'java']",,,France,"4,2"
126,139,STAGIAIRE DATA ENGINEER SNOWFLAKE (H/F),Hardis Group,,,"['Python', 'R', 'SQL', 'Snowflake', 'GCP', 'Scala', 'Kafka', 'SQL', 'NoSQL', 'Snowflake', 'Java', 'java']",,,France,"4,2"
127,140,Data Engineer H/F,Ippon Technologies,,,"['Python', 'R', 'Excel', 'GCP', 'AWS', 'AZURE', 'Spark', 'Scala']",,,France,"4,1"
128,141,CDI - Data Engineer H/F,Aprime,,,"['R', 'Git', 'Oracle']",,,France,
129,142,Data Engineer H/F,JCDecaux,,,"['Python', 'R', 'AWS', 'Scala', 'Java', 'java', 'C++']",,,France,"3,6"
130,143,Data Engineer GCP,Kéoni Consulting,,,"['Python', 'R', 'SQL', 'GCP', 'SQL', 'Flask', 'Flask']",,,France,
131,144,Data Engineer GCP,Kéoni Consulting,,,"['Python', 'R', 'SQL', 'GCP', 'SQL', 'Flask', 'Flask']",,,France,
132,145,Data Engineer GCP,Kéoni Consulting,,,"['Python', 'R', 'SQL', 'GCP', 'SQL', 'Flask', 'Flask']",,,France,
133,146,Data Engineer GCP (F/H),Apside,,,"['Python', 'R', 'SQL', 'GCP', 'SQL', 'Git', 'Terraform', 'BigQuery']",,,France,"3,7"
134,147,Data Engineer GCP (F/H),Apside,,,"['Python', 'R', 'SQL', 'GCP', 'SQL', 'Git', 'Terraform', 'BigQuery']",,,France,"3,7"
135,148,Développeur Data Science (H/F),GROUPE AFNOR,,,"['Python', 'R', 'LLM']",,,France,
136,149,JUNIOR / EXPERIENCED SOFTWARE ENGINEER F/H,TREKEA SAS,,,"['R', 'Excel', 'AWS', 'Scala', 'Git', 'Kubernetes', 'Docker', 'Java', 'Microservices', 'java']",,,France,"3,4"
137,150,Stage Ingénieur Data Scientist - Ultrasounds Imaging H/F,Philips,,,"['Python', 'R', 'Excel']",,,France,
138,151,Machine Learning Research Engineer - remote friendly,Diabolocom,,,"['Python', 'R', 'SQL', 'Excel', 'SQL', 'NoSQL', 'MongoDB', 'Git', 'Docker', 'Tensorflow', 'NLP', 'Pytorch', 'Transformers', 'MLflow']",,,France,
139,152,Data Scientist – BCG X,Boston Consulting Group,,,"['Python', 'R', 'Spark', 'Scala', 'Git']",,,France,"4,3"
140,153,Data Engineer - MOE BI H/F,ENGIE,,,"['R', 'SQL', 'SQL', 'Git']",,,France,"3,9"
141,154,Data Engineer - MOE BI H/F,ENGIE,,,"['R', 'SQL', 'SQL', 'Git']",,,France,"3,9"
142,155,Data Science / Machine Learning Engineer Intern,AccorCorpo,,,"['Python', 'R', 'SQL', 'Excel', 'Dataiku', 'Snowflake', 'AWS', 'Dataiku', 'S3', 'SQL', 'Git', 'Snowflake', 'generative AI']",,,France,"4,0"
143,156,Stage en Marketing Analytics et Data Science (H/F/N) - Paris,Ekimetrics,,,"['Python', 'R', 'Excel', 'Git']",,,France,"4,0"
144,157,ML Engineer/Data Scientist,Licorne Society,,,"['Python', 'R', 'SQL', 'GCP', 'AWS', 'AZURE', 'SQL', 'Git', 'Kubernetes', 'Docker']",,,France,
145,158,ML Engineer/Data Scientist,Licorne Society,,,"['Python', 'R', 'SQL', 'GCP', 'AWS', 'AZURE', 'SQL', 'Git', 'Kubernetes', 'Docker']",,,France,
146,159,ML Engineer/Data Scientist,Licorne Society,,,"['Python', 'R', 'SQL', 'GCP', 'AWS', 'AZURE', 'SQL', 'Git', 'Kubernetes', 'Docker']",,,France,
147,160,ML Engineer/Data Scientist,Licorne Society,,,"['Python', 'R', 'SQL', 'GCP', 'AWS', 'AZURE', 'SQL', 'Git', 'Kubernetes', 'Docker']",,,France,
148,161,Stage - Data Engineer - Services Financiers - Île de de France,Sopra Steria,,,"['R', 'Dataiku', 'Spark', 'Scala', 'Dataiku', 'Git', 'Jenkins', 'Java', 'Jenkins', 'java', 'C#', 'C++']",,,France,"3,8"
149,162,Stage - Data Engineer - Services Financiers - Île de de France,Sopra Steria,,,"['R', 'Dataiku', 'Spark', 'Scala', 'Dataiku', 'Git', 'Jenkins', 'Java', 'Jenkins', 'java', 'C#', 'C++']",,,France,"3,8"
150,163,Stage - Data Engineer - Services Financiers - Île de de France,Sopra Steria,,,"['R', 'Dataiku', 'Spark', 'Scala', 'Dataiku', 'Git', 'Jenkins', 'Java', 'Jenkins', 'java', 'C#', 'C++']",,,France,"3,8"
151,164,Stage - Data Engineer - Services Financiers - Île de de France,Sopra Steria,,,"['R', 'Dataiku', 'Spark', 'Scala', 'Dataiku', 'Git', 'Jenkins', 'Java', 'Jenkins', 'java', 'C#', 'C++']",,,France,"3,8"
152,165,Stage - Data Engineer - Services Financiers - Île de de France,Sopra Steria,,,"['R', 'Dataiku', 'Spark', 'Scala', 'Dataiku', 'Git', 'Jenkins', 'Java', 'Jenkins', 'java', 'C#', 'C++']",,,France,"3,8"
153,166,Stage - Data Engineer - Services Financiers - Île de de France,Sopra Steria,,,"['R', 'Dataiku', 'Spark', 'Scala', 'Dataiku', 'Git', 'Jenkins', 'Java', 'Jenkins', 'java', 'C#', 'C++']",,,France,"3,8"
154,167,DATA ENGINEER (F/H),SA REALISATION DE SYSTEMES INFORMATIQUE,,,"['Python', 'R', 'Scala', 'Kafka', 'Java', 'java']",,,France,
155,168,DATA ENGINEER (F/H),SA REALISATION DE SYSTEMES INFORMATIQUE,,,"['Python', 'R', 'Scala', 'Kafka', 'Java', 'java']",,,France,"3,3"
156,169,Stagiaire Consultant(e) Data Engineer - H/F,SMART TEEM,,,"['Python', 'R', 'SQL', 'Spark', 'Hadoop', 'SQL', 'NoSQL', 'pySpark', 'Pyspark', 'PySpark', 'PostgreSQL', 'HDFS']",,,France,
157,170,STAGE DATA ENGINEER (H/F),SA REALISATION DE SYSTEMES INFORMATIQUE,,,"['Python', 'R', 'Scala', 'Kafka', 'Java', 'java']",,,France,
158,171,STAGE DATA ENGINEER (H/F),SA REALISATION DE SYSTEMES INFORMATIQUE,,,"['Python', 'R', 'Scala', 'Kafka', 'Java', 'java']",,,France,"3,3"
159,172,Data Engineer F/H,ATHEA SAS,,,"['Python', 'R', 'S3', 'Cassandra', 'SAS']",,,France,
160,173,Consultant Talend - Data Engineer H/F,Actinvision,,,"['Python', 'R', 'SQL', 'Tableau', 'Snowflake', 'GCP', 'AWS', 'AZURE', 'Talend', 'SQL', 'Snowflake', 'SQL Server', 'Java', 'MySQL', 'java']",,,France,"4,3"
161,174,Consultant Talend - Data Engineer H/F,Actinvision,,,"['Python', 'R', 'SQL', 'Tableau', 'Snowflake', 'GCP', 'AWS', 'AZURE', 'Talend', 'SQL', 'Snowflake', 'SQL Server', 'Java', 'MySQL', 'java']",,,France,"4,3"
162,175,"Data Engineer - Scientific Engine (Airflow, DVC) - CDI",Descartes Underwriting,,,"['Python', 'R', 'GCP', 'AWS', 'AZURE', 'Spark', 'Airflow', 'Git', 'Kubernetes', 'Docker', 'Gitlab']",,,France,"4,8"
163,176,"Data Engineer - Scientific Engine (Airflow, DVC) - CDI",Descartes Underwriting,,,"['Python', 'R', 'GCP', 'AWS', 'AZURE', 'Spark', 'Airflow', 'Git', 'Kubernetes', 'Docker', 'Gitlab']",,,France,"4,8"
164,177,"Data Engineer - Scientific Engine (Airflow, DVC) - CDI",Descartes Underwriting,,,"['Python', 'R', 'GCP', 'AWS', 'AZURE', 'Spark', 'Airflow', 'Git', 'Kubernetes', 'Docker', 'Gitlab']",,,France,"4,8"
165,178,"Data Engineer - Scientific Engine (Airflow, DVC) - CDI",Descartes Underwriting,,,"['Python', 'R', 'GCP', 'AWS', 'AZURE', 'Spark', 'Airflow', 'Git', 'Kubernetes', 'Docker', 'Gitlab']",,,France,"4,8"
166,179,Stage -Cloud Data Engineer Junior (H/F),DATASCIENTEST,,,"['Python', 'R', 'AZURE', 'Databricks', 'Spark', 'Scala', 'OVH', 'Azure Data Factory']",,,France,"4,7"
167,180,Stage -Cloud Data Engineer Junior (H/F),DATASCIENTEST,,,"['Python', 'R', 'AZURE', 'Databricks', 'Spark', 'Scala', 'OVH', 'Azure Data Factory']",,,France,"4,7"
168,181,Data Engineer Snowflake H/F,Talan,,,"['Python', 'R', 'SQL', 'Excel', 'Snowflake', 'AWS', 'SQL', 'Git', 'Snowflake']",,,France,
169,182,Data Hub Python Data Engineer H/F,ADD UP,,,"['Python', 'R']",,,France,
170,183,Data Engineer - Financial Services F/H,CGI,,,"['Python', 'R', 'SQL', 'Excel', 'Spark', 'Kafka', 'Hadoop', 'SQL', 'NoSQL', 'pySpark', 'Pyspark', 'PySpark', 'HDFS', 'Yarn']",,,France,"3,8"
171,184,Data Engineer - Financial Services F/H,CGI,,,"['Python', 'R', 'SQL', 'Excel', 'Spark', 'Kafka', 'Hadoop', 'SQL', 'NoSQL', 'pySpark', 'Pyspark', 'PySpark', 'HDFS', 'Yarn']",,,France,"3,8"
172,185,Data Engineer - Financial Services F/H,CGI,,,"['Python', 'R', 'SQL', 'Excel', 'Spark', 'Kafka', 'Hadoop', 'SQL', 'NoSQL', 'pySpark', 'Pyspark', 'PySpark', 'HDFS', 'Yarn']",,,France,"3,8"
173,186,DATA ENGINEER SOLVENCY II- BASEL III,Kéoni Consulting,,,"['Python', 'R', 'SQL', 'Excel', 'Scala', 'SQL', 'Kanban']",,,France,
174,187,DATA ENGINEER SOLVENCY II- BASEL III,Kéoni Consulting,,,"['Python', 'R', 'SQL', 'Excel', 'Scala', 'SQL', 'Kanban']",,,France,
175,188,DATA ENGINEER SOLVENCY II- BASEL III,Kéoni Consulting,,,"['Python', 'R', 'SQL', 'Excel', 'Scala', 'SQL', 'Kanban']",,,France,
176,190,Data Engineer (M/F),SESAMm,,,"['Python', 'R', 'SQL', 'Excel', 'GCP', 'AWS', 'AZURE', 'Databricks', 'Spark', 'SQL', 'MongoDB', 'pySpark', 'Pyspark', 'PySpark']",,,France,"4,7"
177,191,Data Engineer Cloud Data - Azure F/H,CGI,,,"['Python', 'R', 'SQL', 'Excel', 'PowerBI', 'Snowflake', 'AZURE', 'Databricks', 'SQL', 'Git', 'Snowflake', 'Terraform']",,,France,"3,8"
178,192,Data Engineer Cloud Data - Azure F/H,CGI,,,"['Python', 'R', 'SQL', 'Excel', 'PowerBI', 'Snowflake', 'AZURE', 'Databricks', 'SQL', 'Git', 'Snowflake', 'Terraform']",,,France,"3,8"
179,193,Data Engineer Cloud Data - Azure F/H,CGI,,,"['Python', 'R', 'SQL', 'Excel', 'PowerBI', 'Snowflake', 'AZURE', 'Databricks', 'SQL', 'Git', 'Snowflake', 'Terraform']",,,France,"3,8"
180,194,Data Engineer AWS (F/H),Apside,,,"['Python', 'R', 'SQL', 'AWS', 'Spark', 'Airflow', 'S3', 'SQL', 'NoSQL', 'Git', 'ElasticSearch', 'GPT']",,,France,"3,7"
181,195,Data Engineer AWS (F/H),Apside,,,"['Python', 'R', 'SQL', 'AWS', 'Spark', 'Airflow', 'S3', 'SQL', 'NoSQL', 'Git', 'ElasticSearch', 'GPT']",,,France,"3,7"
182,196,Data Centre Engineer - PART TIME,Salute Mission Critical,,,"['R', 'Excel', 'Scala', 'Transformers']",,,France,
183,197,Tech Lead Data Engineer- H/F/X,Société Générale,,,"['R', 'Spark', 'Scala', 'Kafka', 'Hadoop']",,,France,"3,6"
184,198,Tech Lead Data Engineer- H/F/X,Société Générale,,,"['R', 'Spark', 'Scala', 'Kafka', 'Hadoop']",,,France,"3,6"
185,199,Tech Lead Data Engineer- H/F/X,Société Générale,,,"['R', 'Spark', 'Scala', 'Kafka', 'Hadoop']",,,France,"3,6"
186,200,Tech Lead Data Engineer- H/F/X,Société Générale,,,"['R', 'Spark', 'Scala', 'Kafka', 'Hadoop']",,,France,"3,6"
187,201,Tech Lead Data Engineer- H/F/X,Société Générale,,,"['R', 'Spark', 'Scala', 'Kafka', 'Hadoop']",,,France,"3,6"
188,202,Research Data Scientist Intern,Ornikar,,,"['Python', 'R', 'SQL', 'Airflow', 'SQL', 'Dash', 'BigQuery']",,,France,"3,5"
189,203,Junior - Machine Learning Engineer – Financial Services (F/H),Deloitte,,,"['Python', 'R', 'SQL', 'Excel', 'SQL', 'NoSQL', 'Git', 'Kubernetes', 'Tensorflow', 'Dash']",,,France,
190,204,Data Engineer - Big Data - Data Factory - Services Financiers - Ile de France,Sopra Steria,,,"['Python', 'R', 'SQL', 'Spark', 'Scala', 'Kafka', 'Hadoop', 'SQL', 'Git', 'pySpark', 'Pyspark', 'PySpark', 'Java', 'java']",,,France,"3,8"
191,205,Data Engineer - Big Data - Data Factory - Services Financiers - Ile de France,Sopra Steria,,,"['Python', 'R', 'SQL', 'Spark', 'Scala', 'Kafka', 'Hadoop', 'SQL', 'Git', 'pySpark', 'Pyspark', 'PySpark', 'Java', 'java']",,,France,"3,8"
192,206,Data Engineer - Big Data - Data Factory - Services Financiers - Ile de France,Sopra Steria,,,"['Python', 'R', 'SQL', 'Spark', 'Scala', 'Kafka', 'Hadoop', 'SQL', 'Git', 'pySpark', 'Pyspark', 'PySpark', 'Java', 'java']",,,France,"3,8"
193,207,Data Engineer - Big Data - Data Factory - Services Financiers - Ile de France,Sopra Steria,,,"['Python', 'R', 'SQL', 'Spark', 'Scala', 'Kafka', 'Hadoop', 'SQL', 'Git', 'pySpark', 'Pyspark', 'PySpark', 'Java', 'java']",,,France,"3,8"
194,208,Data Engineer - Big Data - Data Factory - Services Financiers - Ile de France,Sopra Steria,,,"['Python', 'R', 'SQL', 'Spark', 'Scala', 'Kafka', 'Hadoop', 'SQL', 'Git', 'pySpark', 'Pyspark', 'PySpark', 'Java', 'java']",,,France,"3,8"
195,209,Data Engineer - Big Data - Data Factory - Services Financiers - Ile de France,Sopra Steria,,,"['Python', 'R', 'SQL', 'Spark', 'Scala', 'Kafka', 'Hadoop', 'SQL', 'Git', 'pySpark', 'Pyspark', 'PySpark', 'Java', 'java']",,,France,"3,8"
196,211,Stage Data Engineer (H/F/N) – PARIS,Ekimetrics,,,"['R', 'Excel', 'Git']",,,France,"4,0"
197,212,Machine Learning Engineer H/F,ELD Recrutement,,,['R'],,,France,
198,213,Data Engineer H/F,Nexton Consulting FR,,,"['Python', 'R', 'SQL', 'Tableau', 'SQL', 'Git']",,,France,"3,3"
199,214,Neuronal Data scientist (M/F),ICM Institut du Cerveau,,,"['Python', 'R']",,,France,"3,5"
200,216,Data Engineer - Machine Learning (H/F),Withings,,,"['Python', 'R', 'SQL', 'Excel', 'SQL']",,,France,
201,222,Data Engineer H/F,padoa,,,"['Python', 'R', 'SQL', 'SQL']",,,France,"3,9"
202,223,Data Engineer - Services Financiers - Ile de France,Sopra Steria,,,"['R', 'SQL', 'AWS', 'AZURE', 'Spark', 'Kafka', 'Hadoop', 'SQL', 'NoSQL', 'Git']",,,France,"3,8"
203,224,Data Engineer - Services Financiers - Ile de France,Sopra Steria,,,"['R', 'SQL', 'AWS', 'AZURE', 'Spark', 'Kafka', 'Hadoop', 'SQL', 'NoSQL', 'Git']",,,France,"3,8"
204,225,Data Engineer - Services Financiers - Ile de France,Sopra Steria,,,"['R', 'SQL', 'AWS', 'AZURE', 'Spark', 'Kafka', 'Hadoop', 'SQL', 'NoSQL', 'Git']",,,France,"3,8"
205,226,Data Engineer - Services Financiers - Ile de France,Sopra Steria,,,"['R', 'SQL', 'AWS', 'AZURE', 'Spark', 'Kafka', 'Hadoop', 'SQL', 'NoSQL', 'Git']",,,France,"3,8"
206,227,Data Engineer - Services Financiers - Ile de France,Sopra Steria,,,"['R', 'SQL', 'AWS', 'AZURE', 'Spark', 'Kafka', 'Hadoop', 'SQL', 'NoSQL', 'Git']",,,France,"3,8"
207,228,Data Engineer - Services Financiers - Ile de France,Sopra Steria,,,"['R', 'SQL', 'AWS', 'AZURE', 'Spark', 'Kafka', 'Hadoop', 'SQL', 'NoSQL', 'Git']",,,France,"3,8"
208,229,Machine Learning Engineer Internship - Music Recommendation m/f/d,Deezer,,,"['Python', 'R', 'keras', 'Pytorch', 'Transformers']",,,France,
209,230,Data Engineer (H/F/NB) - Paris,Keyrus France,,,"['R', 'Git']",,,France,
210,231,Senior Data Engineer,Planity,,,"['Python', 'R', 'SQL', 'AWS', 'Spark', 'S3', 'SQL', 'Terraform']",,,France,"4,4"
211,232,Big Data Engineer Databricks H/F,Talan,,,"['Python', 'R', 'SQL', 'Excel', 'AWS', 'Databricks', 'Spark', 'Scala', 'S3', 'Kafka', 'SQL', 'Git', 'Jenkins', 'Gitlab', 'Jenkins', 'HDFS']",,,France,
212,233,Senior Data Scientist / ML Engineer - Biotech - 80K-100K,Lity,,,"['Python', 'R']",,,France,
213,234,Machine Learning Engineer - X/F/M,LIFEN,,,"['Python', 'R', 'Excel', 'Git', 'Docker', 'keras', 'Tensorflow', 'NLP', 'LLM', 'generative AI']",,,France,
214,235,Data science / Power system engineer internship,Rte international,,,"['Python', 'R', 'Git', 'Jira', 'NLP', 'LLM', 'Pytorch']",,,France,
215,236,Data Engineer (F/M/D),Vestiaire Collective,,,"['Python', 'R', 'SQL', 'Excel', 'Tableau', 'AWS', 'Airflow', 'Kafka', 'Hadoop', 'SQL', 'NoSQL', 'Git']",,,France,"3,4"
216,237,Data Engineer dbt H/F,Talan,,,"['R', 'Excel', 'Snowflake', 'AZURE', 'Git', 'Gitlab', 'Snowflake']",,,France,
217,239,Data Engineer - MEDTECH - 80K-100K,Lity,,,"['R', 'AWS', 'Scala', 'Airflow', 'GraphQL']",,,France,
218,240,DEVELOPPEUR DATA JUNIOR CLOUD AZURE - F/H,REUSSIR SA,,,"['R', 'SQL', 'AZURE', 'SQL', 'Git', 'Java', 'java', 'C#']",,,France,
219,241,Stage : Data Engineer F/H,CGI,,,"['Python', 'R', 'SQL', 'Excel', 'Tableau', 'GCP', 'AWS', 'AZURE', 'Databricks', 'Talend', 'Spark', 'Hadoop', 'SQL', 'NoSQL', 'Git', 'SAS']",,,France,"3,8"
220,242,Stage : Data Engineer F/H,CGI,,,"['Python', 'R', 'SQL', 'Excel', 'Tableau', 'GCP', 'AWS', 'AZURE', 'Databricks', 'Talend', 'Spark', 'Hadoop', 'SQL', 'NoSQL', 'Git', 'SAS']",,,France,"3,8"
221,243,Stage : Data Engineer F/H,CGI,,,"['Python', 'R', 'SQL', 'Excel', 'Tableau', 'GCP', 'AWS', 'AZURE', 'Databricks', 'Talend', 'Spark', 'Hadoop', 'SQL', 'NoSQL', 'Git', 'SAS']",,,France,"3,8"
222,244,DATA ENGINEER H/F,TRSB,,,"['Python', 'R', 'Databricks', 'Spark', 'Scala', 'Git', 'VBA']",,,France,"3,0"
223,245,Data Analyst - Power BI,Breople,,,"['Python', 'R', 'SQL', 'Excel', 'Tableau', 'SQL', 'Dash']",,,France,
224,246,Stage 2024 Data scientist/engineer H/F,Crédit Agricole Consumer Finance,,,"['Python', 'R', 'Git', 'Dash']",,,France,"3,8"
225,247,Stage 2024 Data scientist/engineer H/F,Crédit Agricole Consumer Finance,,,"['Python', 'R', 'Git', 'Dash']",,,France,"3,8"
226,248,Data Engineer BI,K-LAGAN,,,"['R', 'SQL', 'AZURE', 'Spark', 'Scala', 'SQL', 'pySpark', 'Pyspark', 'PySpark', 'SAS']",,,France,"3,7"
227,249,Senior Consultant·e Data Engineer,Breople,,,"['Python', 'R', 'SQL', 'Snowflake', 'GCP', 'AZURE', 'Databricks', 'Spark', 'Airflow', 'Kafka', 'SQL', 'NoSQL', 'Git', 'Kubernetes', 'Docker', 'Jenkins', 'Snowflake', 'pySpark', 'Pyspark', 'PySpark', 'Jenkins', 'Dash', 'BigQuery']",,,France,
228,250,Data Scientist ML Engineer,Altelios Technology Group,,,"['Python', 'R', 'AWS', 'Spark', 'Scala', 'Git', 'Docker']",,,France,"2,4"
229,251,Data Scientist ML Engineer,Altelios Technology Group,,,"['Python', 'R', 'AWS', 'Spark', 'Scala', 'Git', 'Docker']",,,France,"2,4"
230,252,Data Scientist ML Engineer,Altelios Technology Group,,,"['Python', 'R', 'AWS', 'Spark', 'Scala', 'Git', 'Docker']",,,France,"2,4"
231,253,STAGIAIRE DATA SCIENTIST - FÉVRIER/MARS 2024 F/H,KPMG,,,"['R', 'Excel', 'Dash']",,,France,"3,8"
232,254,Stage de fin d'études - Data Engineer - H/F,Sia Partners,,,"['Python', 'R', 'SQL', 'Excel', 'GCP', 'AWS', 'AZURE', 'Spark', 'Hadoop', 'SQL', 'Tensorflow', 'PostgreSQL']",,,France,"3,8"
233,255,Software Engineer - AI & ML - France or Remote EMEA,Dataiku,,,"['Python', 'R', 'Dataiku', 'AWS', 'Scala', 'Dataiku', 'NLP', 'LLM', 'generative AI', 'Java', 'java']",,,France,"3,8"
234,256,Software Engineer - AI & ML - France or Remote EMEA,Dataiku,,,"['Python', 'R', 'Dataiku', 'AWS', 'Scala', 'Dataiku', 'NLP', 'LLM', 'generative AI', 'Java', 'java']",,,France,"3,8"
235,257,Software Engineer - AI & ML - France or Remote EMEA,Dataiku,,,"['Python', 'R', 'Dataiku', 'AWS', 'Scala', 'Dataiku', 'NLP', 'LLM', 'generative AI', 'Java', 'java']",,,France,"3,8"
236,258,Stage Data Engineer - Prévisions & Analyse Réseaux,SFR,,,"['R', 'SQL', 'Tableau', 'SQL', 'Oracle', 'Shiny']",,,France,"3,6"
237,259,Data Engineer Talend (H/F) - Paris,BPCE Solutions Informatiques,,,"['R', 'SQL', 'PowerBI', 'Talend', 'SQL', 'SQL Server', 'Oracle']",,,France,
238,260,DATA ENGINEER CONFIRME 3,Kéoni Consulting,,,"['Python', 'R', 'SQL', 'GCP', 'Spark', 'Scala', 'Airflow', 'SQL', 'Git', 'Kanban', 'Gitlab', 'BigQuery']",,,France,
239,261,DATA ENGINEER CONFIRME 3,Kéoni Consulting,,,"['Python', 'R', 'SQL', 'GCP', 'Spark', 'Scala', 'Airflow', 'SQL', 'Git', 'Kanban', 'Gitlab', 'BigQuery']",,,France,
240,262,DATA ENGINEER CONFIRME 3,Kéoni Consulting,,,"['Python', 'R', 'SQL', 'GCP', 'Spark', 'Scala', 'Airflow', 'SQL', 'Git', 'Kanban', 'Gitlab', 'BigQuery']",,,France,
241,263,Data Engineer DataBricks (H/F/NB),Keyrus France,,,"['Python', 'R', 'SQL', 'AWS', 'AZURE', 'Databricks', 'Spark', 'Scala', 'S3', 'Kafka', 'Hadoop', 'SQL', 'Git']",,,France,
242,264,Junior Data Engineer,ORTEC,,,"['Python', 'R', 'SQL', 'Tableau', 'PowerBI', 'Scala', 'SQL']",,,France,"4,2"
243,265,Data Engineering H/F,Apsid'EA,,,"['R', 'Dataiku', 'Dataiku', 'Git', 'Shiny']",,,France,
244,266,STAGIAIRE DATA ENGINEER GCP (H/F),Hardis Group,,,"['Python', 'R', 'SQL', 'GCP', 'Spark', 'Airflow', 'Kafka', 'SQL', 'NoSQL', 'ELK', 'Java', 'java']",,,France,"4,2"
245,267,STAGIAIRE DATA ENGINEER GCP (H/F),Hardis Group,,,"['Python', 'R', 'SQL', 'GCP', 'Spark', 'Airflow', 'Kafka', 'SQL', 'NoSQL', 'ELK', 'Java', 'java']",,,France,"4,2"
246,268,Data Scientist (X/F/M),ALSTOM,,,"['Python', 'R', 'Excel', 'Scala', 'Git', 'Plotly', 'Streamlit', 'Dash', 'Plotly']",,,France,"3,8"
247,269,Data Engineer (H/F),Ekkiden,,,"['R', 'SQL', 'Spark', 'Scala', 'Kafka', 'Hadoop', 'SQL', 'NoSQL', 'Cassandra', 'Git', 'Kubernetes', 'Docker', 'Jenkins', 'Gitlab', 'Java', 'Jenkins', 'java']",,,France,"4,1"
248,270,Data Engineer - (H/F) - 77 + remote (IT) / Freelance,Mindquest,,,"['R', 'SQL', 'SQL', 'Oracle']",,,France,
249,271,Stage – Data Scientist / ML Engineer - F/H,AXA,,,"['Python', 'R', 'SQL', 'Databricks', 'Spark', 'SQL', 'Git', 'scikit-learn', 'Matplotlib', 'Seaborn', 'Pandas', 'SciKit-Learn', 'MLflow']",,,France,"4,0"
250,272,Stage – Data Scientist / ML Engineer - F/H,AXA,,,"['Python', 'R', 'SQL', 'Databricks', 'Spark', 'SQL', 'Git', 'scikit-learn', 'Matplotlib', 'Seaborn', 'Pandas', 'SciKit-Learn', 'MLflow']",,,France,"4,0"
251,273,DATA ENGINEER H/F DÉCOUVRIR PARIS - CDI,42c,,,"['Python', 'R', 'SQL', 'Spark', 'Scala', 'SQL', 'NoSQL', 'Git']",,,France,"4,1"
252,274,Stage - Data Engineer - Banque - Ile de France,Sopra Steria,,,"['R', 'Dataiku', 'Spark', 'Dataiku', 'Git', 'Jenkins', 'Java', 'Jenkins', 'java', 'C#', 'C++']",,,France,"3,8"
253,275,Stage - Data Engineer - Banque - Ile de France,Sopra Steria,,,"['R', 'Dataiku', 'Spark', 'Dataiku', 'Git', 'Jenkins', 'Java', 'Jenkins', 'java', 'C#', 'C++']",,,France,"3,8"
254,276,Stage - Data Engineer - Banque - Ile de France,Sopra Steria,,,"['R', 'Dataiku', 'Spark', 'Dataiku', 'Git', 'Jenkins', 'Java', 'Jenkins', 'java', 'C#', 'C++']",,,France,"3,8"
255,277,Stage - Data Engineer - Banque - Ile de France,Sopra Steria,,,"['R', 'Dataiku', 'Spark', 'Dataiku', 'Git', 'Jenkins', 'Java', 'Jenkins', 'java', 'C#', 'C++']",,,France,"3,8"
256,278,Stage - Data Engineer - Banque - Ile de France,Sopra Steria,,,"['R', 'Dataiku', 'Spark', 'Dataiku', 'Git', 'Jenkins', 'Java', 'Jenkins', 'java', 'C#', 'C++']",,,France,"3,8"
257,279,Stage - Data Engineer - Banque - Ile de France,Sopra Steria,,,"['R', 'Dataiku', 'Spark', 'Dataiku', 'Git', 'Jenkins', 'Java', 'Jenkins', 'java', 'C#', 'C++']",,,France,"3,8"
258,280,Senior Data Engineer F/H,AXA,,,"['Python', 'R', 'PowerBI', 'Dataiku', 'AZURE', 'Databricks', 'Spark', 'Dataiku', 'pySpark', 'Pyspark', 'PySpark']",,,France,"4,0"
259,281,Senior Data Engineer F/H,AXA,,,"['Python', 'R', 'PowerBI', 'Dataiku', 'AZURE', 'Databricks', 'Spark', 'Dataiku', 'pySpark', 'Pyspark', 'PySpark']",,,France,"4,0"
260,282,Stage développeur consultant Data / IA,Aldecis,,,"['R', 'SQL', 'Tableau', 'SQL', 'SQL Server']",,,France,
261,283,Data Scientist-ML Engineer (IT) / Freelance,Kaïbee,,,"['Python', 'R', 'AWS', 'Spark', 'Scala', 'Git', 'Docker', 'Kanban']",,,France,
262,284,Ingénieur Généraliste Analyse de Données Inertielles - Stage - H/F,EXAIL,,,"['Python', 'R']",,,France,
263,285,Data Scientist / ML Engineer (IT) / Freelance,CHARLI GROUP,,,"['Python', 'R', 'AWS', 'Spark', 'Scala', 'Git', 'Docker', 'Kanban']",,,France,
264,286,Data Engineer BI (IT) / Freelance,Groupe Aptenia,,,"['R', 'SQL', 'GCP', 'Spark', 'Hadoop', 'SQL', 'Git', 'Java', 'Dash', 'java']",,,France,
265,287,Stage de fin d'études - Software Engineer - H/F,Sia Partners,,,"['Python', 'R', 'Excel', 'Docker', 'Java', 'Flask', 'Flask', 'Microservices', 'java']",,,France,"3,8"
266,288,Analytics Engineer - F/H - Paris 18,Chronopost,,,"['Python', 'R', 'SQL', 'Tableau', 'SQL', 'Git', 'Redshift']",,,France,
267,289,Ingénieur Data Analyste Web,Kéoni Consulting,,,"['R', 'Excel', 'Git']",,,France,
268,290,Ingénieur Data Analyste Web,Kéoni Consulting,,,"['R', 'Excel', 'Git']",,,France,
269,291,Ingénieur Data Analyste Web,Kéoni Consulting,,,"['R', 'Excel', 'Git']",,,France,
270,292,Ingénieur en traitement et analyse de données (H/F),CNRS,,,[],,,France,
271,293,Data Scientist / Data Analyst (all genders),Mazars GmbH & Co. KG,,,"['Python', 'R', 'AZURE', 'Git', 'Dash']",,,Germany,
272,294,Data Scientist Engineer (m/w/d) Digital Solutions für Verkehrstechnik,Amadeus FiRe,,,"['Python', 'R', 'ELK', 'Git', 'Java', 'java', 'C++']",,,Germany,
273,295,(Senior) Data Scientist - Innovation Developer (m/w/d),Bundesdruckerei GmbH,,,"['Python', 'R', 'SQL', 'SQL', 'NoSQL', 'NLP', 'LLM']",,,Germany,
274,296,Data Scientist/Analyst prüfungsnahe Beratung/Quants - Assurance (Financial Services) (w/m/d),Ernst & Young GmbH,,,"['Python', 'R', 'SQL', 'SQL', 'MongoDB', 'SAS', 'Java', 'java', 'C#']",,,Germany,
275,297,Senior Data Scientist (m/w/d) - Berlin Ref. 22284,KA Resources,,,"['Python', 'R', 'SQL', 'Scala', 'SQL', 'Git', 'Random Forest', 'SAS', 'Java', 'java']",,,Germany,
276,298,"Chemist, Life Scientist - Logistics, SCM, Oligonucleotides (m/f/d)",Silence Therapeutics GmbH,,,"['R', 'Excel', 'SAS']",,,Germany,
277,299,Data Scientist*in Einnahmesicherung und Auskehr (d/m/w),Toll Collect GmbH,,,['R'],,,Germany,
278,300,Analyst:in / Mathematiker:in / Data Scientist (m/w/d),enervis energy advisors GmbH,,,"['Python', 'R']",,,Germany,
279,301,Senior Data Scientist (m/f/d),Ströer SSP GmbH,,,"['Python', 'R', 'SQL', 'Excel', 'Scala', 'Airflow', 'SQL', 'Git', 'Docker', 'Terraform', 'scikit-learn', 'Pandas', 'SciKit-Learn']",,,Germany,
280,302,Data Scientist (w/m/d),Kassenärztliche Bundesvereinigung KdöR,,,"['Python', 'R', 'SQL', 'SQL', 'Git']",,,Germany,
281,303,Senior Data Scientist (m/w/d),Collaboration Betters The World GmbH,,,['R'],,,Germany,
282,304,"Scientist, Analytical Chemistry",Silence Therapeutics GmbH,,,"['R', 'Excel']",,,Germany,
283,305,Proteomics Scientist In Targeted Protein Degradation Research,Max-Delbrück-Centrum für Molekulare Medizin in der...,,,"['R', 'Excel']",,,Germany,
284,306,"Applied Scientist II, AFT AI, Amazon Fulfillment Technologies (AFT)",Amazon Development Center Germany GmbH,,,"['Python', 'R', 'Tensorflow', 'LLM', 'Pytorch', 'Java', 'Pandas', 'java', 'C++']",,,Germany,
285,307,(Senior) Actuarial Data Scientist (m/w/d),Verti Versicherung AG,,,"['Python', 'R', 'SQL', 'AWS', 'SQL', 'Git', 'Dash']",,,Germany,
286,308,Senior Marketing Data Scientist (d/f/m),Taxfix SE,,,"['Python', 'R', 'SQL', 'Excel', 'Snowflake', 'Airflow', 'SQL', 'Snowflake']",,,Germany,
287,310,Junior Data Scientist (m/w/d) – Risikomodelle,S Rating und Risikosysteme GmbH,,,"['Python', 'R', 'SQL', 'Spark', 'SQL', 'Random Forest', 'SAS', 'Java', 'java']",,,Germany,
288,311,Machine Learning Scientist für GenAI (m/w/d),dkb,,,"['Python', 'R', 'AWS', 'Git', 'Docker', 'Pytorch', 'Pandas', 'NumPy']",,,Germany,
289,312,Senior Data Scientist,SumUp Services GmbH,,,"['Python', 'R', 'SQL', 'Excel', 'AWS', 'Spark', 'SQL', 'Pytorch', 'scikit-learn', 'pySpark', 'Pyspark', 'PySpark', 'Pandas', 'SciKit-Learn']",,,Germany,
290,313,Senior Data Scientist (mwd),HMS Analytical Software GmbH,,,"['Python', 'R', 'SQL', 'AWS', 'AZURE', 'Spark', 'Kafka', 'SQL', 'Git', 'Kubernetes', 'Docker', 'Java', 'java', 'C#', 'C++']",,,Germany,
291,314,"ecological modeller, biostatistician",Leibniz-Institut für Zoo- und Wildtierforschung,,,"['Python', 'R']",,,Germany,
292,315,Senior Data Engineer (f/m/x),Sharpist GmbH,,,"['Python', 'R', 'SQL', 'Excel', 'Scala', 'Airflow', 'SQL', 'Git', 'Dash', 'BigQuery']",,,Germany,
293,316,(Organic) Chemist / CMC Process Development Scientist,Silence Therapeutics GmbH,,,"['R', 'Excel']",,,Germany,
294,317,Senior Data Scientist (d/w/m),tetrel GmbH,,,"['Python', 'R', 'Pytorch', 'scikit-learn', 'Pandas', 'NumPy', 'SciKit-Learn']",,,Germany,
295,318,Senior Data Scientist - (m/w/d),Choco Communications GmbH,,,"['Python', 'R', 'SQL', 'Excel', 'AWS', 'Databricks', 'Spark', 'Scala', 'SQL', 'NLP', 'LLM', 'GPT', 'pySpark', 'Pyspark', 'PySpark', 'MLflow']",,,Germany,
296,319,Principal Data Scientist - Machine Learning (f/m/d),Almedia,,,"['Python', 'R', 'SQL', 'Excel', 'SQL', 'Git']",,,Germany,
297,320,Data Scientist Generative AI (m/w/d),Materna Information & Communications SE,,,"['Python', 'R', 'SQL', 'Spark', 'Kafka', 'Hadoop', 'SQL', 'Git', 'keras', 'Tensorflow', 'generative AI', 'GPT', 'Pytorch', 'Java', 'java']",,,Germany,
298,321,Data Scientist (m/w/d),Michael Page,,,"['Python', 'R', 'SQL', 'SQL', 'Git']",,,Germany,
299,322,Senior Data Scientist (d/w/m),4flow,,,"['Python', 'R', 'SQL', 'SQL', 'Java', 'java']",,,Germany,
300,323,"DATA SCIENTIST ENGINEER (M/W/D) DIGITAL SOLUTIONS – BRAUNSCHWEIG, BERLIN",Stadler Signalling Deutschland GmbH,,,"['Python', 'R', 'Git', 'Java', 'java', 'C#', 'C++']",,,Germany,
301,324,Senior Data Scientist- Credit Risk (m/f/d),RatePAY GmbH,,,"['R', 'Git']",,,Germany,
302,325,Staff Data Engineer,Morressier,,,"['Python', 'R', 'SQL', 'Airflow', 'Kafka', 'SQL', 'MongoDB', 'Kubernetes', 'BigQuery', 'PostgreSQL']",,,Germany,
303,326,Angebot von eejobs.de: Öffnet sich in neuem Fenster Senior Data Scientist (m/w/d),Solandeo,,,['R'],,,Germany,
304,327,(Senior) Data Scientist (all genders),EXXETA,,,"['Python', 'R', 'Git', 'Tensorflow', 'Pytorch']",,,Germany,
305,328,(Associate) Consultant (Gen) AI & Data Scientist | AI Garage (m/w/d),Capgemini Invent,,,"['Python', 'R', 'Git']",,,Germany,
306,329,Scientist Photonic / Modulators and Photodetectors,"Telecommunications, Heinrich Hertz Institute",,,"['R', 'Excel']",,,Germany,
307,330,Senior Data Engineer (f/m/x),HelloFresh,,,"['Python', 'R', 'SQL', 'Spark', 'Scala', 'Kafka', 'SQL']",,,Germany,
308,331,(Senior) Data Scientist (m/w/d),T-Systems International GmbH,,,"['Python', 'R', 'SQL', 'Tableau', 'AWS', 'AZURE', 'SQL', 'Git', 'keras', 'Tensorflow', 'NLP', 'scikit-learn', 'Pandas', 'SciKit-Learn']",,,Germany,
309,332,Field Application Scientist - North Germany & The Netherlands,Parse Biosciences,,,"['R', 'Scala']",,,Germany,
310,333,Senior Machine Learning Engineer,Workato,,,"['Python', 'R', 'NLP', 'LLM', 'MLflow']",,,Germany,
311,334,"DATA SCIENTIST ENGINEER (M/W/D) DIGITAL SOLUTIONS – BRAUNSCHWEIG, BERLIN",Stadler Signalling Deutschland GmbH,,,"['Python', 'R', 'Git', 'Java', 'java', 'C#', 'C++']",,,Germany,
312,335,Senior Data Scientist,Consortia,,,"['R', 'Excel', 'Scala', 'NLP', 'LLM', 'Pytorch']",,,Germany,
313,336,(Senior) Data Scientist - Credit Risk (m/f/d),home24 SE,,,"['Python', 'R', 'SQL', 'AWS', 'SQL', 'Git', 'Java', 'Dash', 'java']",,,Germany,
314,337,Data Scientist (m/w/d),FERCHAU,,,"['Python', 'R', 'SQL', 'Tableau', 'Snowflake', 'AZURE', 'Databricks', 'Spark', 'Airflow', 'SQL', 'Git', 'Kanban', 'Snowflake']",,,Germany,
315,338,Senior Consultant / Manager (Gen) AI & Data Scientist | AI Garage (m/w/d),Capgemini Invent,,,"['Python', 'R', 'Git']",,,Germany,
316,339,C++ Staff Engineer - Data Scientist or Software Engineer -,Celonis SE,,,"['Python', 'R', 'AWS', 'Git', 'Java', 'java', 'C++']",,,Germany,
317,340,"Senior Data Scientist (Data Foresight, Climate Change)",International Organization for Migration,,,"['Python', 'R', 'NLP']",,,Germany,
318,341,Fully-funded PhD positions in Biomedical Sciences at the MDC Berlin,Max-Delbrück-Centrum für Molekulare Medizin in der...,,,"['R', 'Excel']",,,Germany,
319,342,"Lead Data Scientist, Insurance Industry - BCG X",Boston Consulting Group,,,"['Python', 'R', 'Spark', 'Scala', 'Git']",,,Germany,"4,3"
320,343,Data Engineer (m/w/d) Solar Energy,Michael Page,,,"['Python', 'R', 'SQL', 'AWS', 'Scala', 'SQL', 'NoSQL', 'Cassandra', 'Java', 'java', 'C++']",,,Germany,
321,344,Software Engineering Manager (m/f/d),DER TECHHUNTER,,,"['R', 'Scala', 'Java', 'java']",,,Germany,
322,345,Consultant Data Science & Business Intelligence / Banking (m/w/d),msg systems ag,,,"['R', 'Git', 'Kanban']",,,Germany,
323,346,Head of Data Science (m/w/d),Michael Page,,,"['Python', 'R', 'Spark', 'Hadoop']",,,Germany,
324,347,"Senior Software Engineer, Frontend",Decentriq,,,"['R', 'S3', 'GraphQL']",,,Germany,
325,348,Senior Technical Product Owner - Analytics Platform DevOps (m/f/d),CARIAD SE,,,"['R', 'AWS', 'Scala', 'Git']",,,Germany,
326,349,"Scientist, Biopharma Data Analysis",Eurofins,,,"['R', 'Excel']",,,Switzerland,
327,350,Computer Scientist / Mathematician / Physicist as Research Scientist* 80-100%,Haag-Streit AG,,,"['R', 'Excel']",,,Switzerland,
328,351,"Scientist, R&D Process Development",Eurofins,,,"['R', 'Excel']",,,Switzerland,
329,352,Software Engineer Senior (m/f/d),Terrera AG,,,"['R', 'Excel', 'Scala', 'Kafka', 'Java', 'java']",,,Switzerland,
330,353,Data Engineer / all Level (gn),enersis suisse AG,,,"['Python', 'R', 'SQL', 'Airflow', 'SQL', 'NoSQL', 'Git', 'Kubernetes', 'Docker']",,,Switzerland,
331,354,"Associate Scientist, R&D Pathogen Safety",Eurofins,,,"['R', 'Excel', 'S3']",,,Switzerland,
332,355,Scientist - R&D Pathogen Safety,Eurofins,,,"['R', 'Excel', 'S3']",,,Switzerland,
333,356,Research Asssociate (f/m/d),Insel Gruppe,,,['R'],,,Switzerland,
334,357,Data Engineer 80% (m/w/d),Terrera AG,,,"['Python', 'R', 'SQL', 'AZURE', 'Kafka', 'SQL', 'Kubernetes', 'Docker', 'Jira', 'SAS']",,,Switzerland,
335,358,Position as Scientific Programmer/Data Scientist,Universität Bern Universität Bern,,,"['R', 'Excel', 'Git']",,,Switzerland,
336,359,Food Material Science Intern,Nestle Operational Services Worldwide SA,,,['R'],,,Switzerland,
337,360,Associate Scientist QC Release & Stability // Johnson & Johnson,Randstad,,,['R'],,,Switzerland,
338,361,Data Scientist 50-100%,Adecco,,,"['Python', 'R', 'SQL', 'SQL']",,,Switzerland,
339,362,Senior Cloud Data Engineer,ELCA Security,,,"['R', 'SQL', 'Snowflake', 'GCP', 'AWS', 'AZURE', 'Databricks', 'Spark', 'Kafka', 'Hadoop', 'SQL', 'NoSQL', 'Git', 'Kubernetes', 'Snowflake', 'SQL Server', 'Terraform', 'PostgreSQL']",,,Switzerland,
340,363,Head of Online Marketing,DNA325,,,"['Python', 'R', 'SQL', 'Excel', 'SQL', 'Git']",,,Switzerland,
341,364,Scientist in Bioanalytical Sciences for the Core Analytical Testing Team,CSL Behring,,,"['R', 'Excel', 'Git']",,,Switzerland,
342,365,Position as Scientific Programmer/Data Scientist,Universität Bern,,,"['R', 'Excel', 'Git']",,,Switzerland,
343,366,Senior Cloud Data Engineer,ELCA Informatique SA,,,"['R', 'SQL', 'Snowflake', 'GCP', 'AWS', 'AZURE', 'Databricks', 'Spark', 'Kafka', 'Hadoop', 'SQL', 'NoSQL', 'Git', 'Kubernetes', 'Snowflake', 'SQL Server', 'Terraform', 'PostgreSQL']",,,Switzerland,
344,367,Security Operations Engineer / DevOps Engineer,Adnovum,,,"['R', 'Git']",,,Switzerland,
345,368,Jun./Prof. Entwickler im Big Data Umfeld,Future IT GmbH,,,['R'],,,Switzerland,
346,369,Lead Operator ExPec // Johnson & Johnson,Randstad,,,['R'],,,Switzerland,
347,370,Lead Technician GMP Operations // Johnson & Johnson,Randstad,,,['R'],,,Switzerland,
348,371,Lead Technician GMP Operations ExPec // Johnson & Johnson,Randstad,,,['R'],,,Switzerland,
349,372,Hochschulpraktikum Verkehrsmanagement 80-100%,Bau- und Verkehrsdirektion Tiefbauamt,,,"['R', 'Git']",,,Switzerland,
350,373,ABAP Entwickler in Bern (m/w/d),ROCKEN,,,"['R', 'Jira']",,,Switzerland,
351,374,Security Operations Engineer / DevOps Engineer,AdNovum Informatik,,,"['R', 'Git']",,,Switzerland,
352,375,Verkaufscontroller:in und Projektleiter:in Werbemarkt,Die Schweizerische Post,,,['R'],,,Switzerland,
353,376,"(Senior) Data & AI Consultant (Bern, Switzerland)",Unit8 SA,,,"['R', 'Git', 'generative AI']",,,Switzerland,
354,377,SAP ABAP Entwickler (m/w/d),ROCKEN,,,"['R', 'Jira']",,,Switzerland,
355,378,"Data & AI Consulting Lead (Bern, Switzerland)",Unit8 SA,,,"['R', 'Git', 'generative AI']",,,Switzerland,
356,379,AI/Machine Learning Analyst,Fujitsu,,,"['Python', 'R']",,,Canada,
357,380,Senior Data Scientist,CMHC,,,"['Python', 'R', 'SQL', 'GCP', 'AWS', 'AZURE', 'Spark', 'Hadoop', 'SQL', 'Cassandra', 'NLP', 'generative AI']",,,Canada,
358,381,(Summer Co-op 2024) Junior Data Analyst,The Minto Group,,,"['Python', 'R', 'Excel', 'Tableau', 'scikit-learn', 'Pandas', 'NumPy', 'SciKit-Learn', 'Dash']",,,Canada,
359,382,AI/Machine Learning Lead,Fujitsu,,,"['Python', 'R', 'Excel', 'Tensorflow', 'Pytorch', 'Java', 'java']",,,Canada,
360,383,"Co-Op/Intern Developer, Machine Learning - QA",Kinaxis,,,"['Python', 'R']",,,Canada,
361,384,"Assistant Director, Data Science",Bank of Canada,,,"['R', 'Excel']",,,Canada,
362,386,Co-op Technical Marketing Data Analyst,Renesas Electronics Corporation,,,"['Python', 'R', 'SQL', 'Excel', 'Tableau', 'SQL', 'SAS', 'Dash']",,,Canada,
363,388,Senior Data Analyst - Revenue Operations,Assent,,,"['Python', 'R', 'SQL', 'Excel', 'SQL', 'SQL Server', 'Dash']",,,Canada,
364,389,Data Analyst-Tableau Developer (Co-op Student/Intern),Lumentum Operations LLC,,,"['Python', 'R', 'SQL', 'Excel', 'Tableau', 'SQL', 'Git', 'Jira']",,,Canada,
365,391,"Assistant / Associate Professor and Canada Research Chair, Tier 2 – Computer Science (Artificial Intelligence and/or Cybersecurity)",Carleton University,,,"['R', 'Excel']",,,Canada,
366,394,Assistant Professor Environmental Change and Artificial Intelligence,University of Ottawa,,,"['R', 'Excel', 'AWS', 'Git']",,,Canada,
367,395,Lead Machine Learning Engineer (Canada Remote),Fullscript,,,"['Python', 'R', 'SQL', 'Excel', 'Snowflake', 'AWS', 'Spark', 'SQL', 'Tensorflow', 'Snowflake', 'GPT', 'Pytorch', 'scikit-learn', 'SciKit-Learn', 'BigQuery', 'Redshift', 'PostgreSQL', 'MySQL']",,,Canada,
368,396,Senior ML Engineer,Qlik,,,"['Python', 'R', 'SQL', 'Excel', 'AWS', 'AZURE', 'Scala', 'Airflow', 'SQL', 'NoSQL', 'MongoDB', 'Kubernetes', 'Docker', 'ElasticSearch', 'Tensorflow', 'LLM', 'Pytorch', 'scikit-learn', 'Java', 'SciKit-Learn', 'MLflow', 'java', 'C++']",,,Canada,"3,6"
